{"cameraMode":{"drawMode":0,"name":"Shaded","section":"Shading Mode"},"sceneLighting":true,"audioPlay":false,"sceneViewState":{"m_AlwaysRefresh":false,"showFog":true,"showSkybox":true,"showFlares":true,"showImageEffects":true,"showParticleSystems":true,"showVisualEffectGraphs":true,"m_FxEnabled":false},"in2DMode":false,"pivot":{"x":2.4724717140197756,"y":2.429677963256836,"z":1.1574589014053345},"rotation":{"x":-0.003481706138700247,"y":-0.9949110746383667,"z":0.09369795024394989,"w":-0.037031274288892749},"size":1.5566335916519166,"orthographic":true}